# Frequency, Signal
-1.953851473267506549e+02,2.302754119891107631e-03
1.953851473267506549e+02,2.302754119891107631e-03
