# Frequency, Signal
-5.363796567562745565e+01,6.332552071813757170e-03
5.363796567562745565e+01,6.332552071813757170e-03
